[
  {
    "CurrentStep": "Begin",
    "NextStep": "Reset",
    "PreviousStep": 0,
    "Command": "RESET",
    "BeforeDelay": 0,
    "AfterDelay": 0,
    "TimeOut": 2000,
    "IsIgnoreTimeOut": false,
    "Message": [
      "Bắt đầu kết nối bluetooth."
    ],
    "ExpectedMessage": [
      "Begin {0}"
    ],
    "IsNotSendCommand": true,
    "IsAddToQueue": true,
    "AddedMessageToQueue": "Begin {0}\r",
    "IsPass": false
  },
  {
    "CurrentStep": "Reset",
    "NextStep": "Unpair",
    "PreviousStep": 0,
    "Command": "RESET",
    "BeforeDelay": 0,
    "AfterDelay": 0,
    "TimeOut": 5000,
    "IsIgnoreTimeOut": false,
    "Message": [
      "Đang kết nối ..."
    ],
    "ExpectedMessage": [
      "Ready"
    ],
    "IsNotSendCommand": false,
    "IsAddToQueue": false,
    "AddedMessageToQueue": null,
    "IsPass": false
  },
  {
    "CurrentStep": "Unpair",
    "NextStep": "A2DP",
    "PreviousStep": 0,
    "Command": "UNPAIR",
    "BeforeDelay": 500,
    "AfterDelay": 0,
    "TimeOut": 5000,
    "IsIgnoreTimeOut": false,
    "Message": [
      "Đang kết nối..."
    ],
    "ExpectedMessage": [
      "OK"
    ],
    "IsNotSendCommand": false,
    "IsAddToQueue": false,
    "AddedMessageToQueue": null,
    "IsPass": false
  },
  {
    "CurrentStep": "A2DP",
    "NextStep": "AVRCP",
    "PreviousStep": 0,
    "Command": "OPEN {0} A2DP",
    "BeforeDelay": 500,
    "AfterDelay": 0,
    "TimeOut": 10000,
    "IsIgnoreTimeOut": false,
    "Message": [
      "Đang kết nối..."
    ],
    "ExpectedMessage": [
      "OPEN_OK {0} A2DP {1}"
    ],
    "IsNotSendCommand": false,
    "IsAddToQueue": false,
    "AddedMessageToQueue": null,
    "IsPass": false
  },
  {
    "CurrentStep": "AVRCP",
    "NextStep": "RSSI",
    "PreviousStep": 0,
    "Command": null,
    "BeforeDelay": 100,
    "AfterDelay": 0,
    "TimeOut": 5000,
    "IsIgnoreTimeOut": false,
    "Message": [
      "Đang kết nối..."
    ],
    "ExpectedMessage": [
      "OPEN_OK {0} AVRCP {1}"
    ],
    "IsNotSendCommand": true,
    "IsAddToQueue": false,
    "AddedMessageToQueue": null,
    "IsPass": false
  },
  {
    "CurrentStep": "RSSI",
    "NextStep": "Play",
    "PreviousStep": 0,
    "Command": "RSSI {0}",
    "BeforeDelay": 400,
    "AfterDelay": 0,
    "TimeOut": 10000,
    "IsIgnoreTimeOut": false,
    "Message": [
      "Đã kết nối",
      "Đang đo RSSI"
    ],
    "ExpectedMessage": [
      "dBm"
    ],
    "IsNotSendCommand": false,
    "IsAddToQueue": false,
    "AddedMessageToQueue": null,
    "IsPass": false
  },
  {
    "CurrentStep": "Play",
    "NextStep": "VolumeMax",
    "PreviousStep": "RSSI",
    "Command": "MUSIC {0} PLAY",
    "BeforeDelay": 4000,
    "AfterDelay": 0,
    "TimeOut": 12000,
    "IsIgnoreTimeOut": false,
    "Message": [
      "Đang phát nhạc"
    ],
    "ExpectedMessage": [
      "A2DP_STREAM_START {0}",
      "AVRCP_PLAY {0}",
      "Play12121"
    ],
    "IsNotSendCommand": false,
    "IsAddToQueue": false,
    "AddedMessageToQueue": null,
    "IsPass": false
  },
  {
    "CurrentStep": "VolumeMax",
    "NextStep": "CompleteProcess",
    "PreviousStep": 0,
    "Command": "VOLUME {0} 10",
    "BeforeDelay": 800,
    "AfterDelay": 0,
    "TimeOut": 10000,
    "IsIgnoreTimeOut": false,
    "Message": [
      "Đang phát nhạc"
    ],
    "ExpectedMessage": [
      "ABS_VOL {0}"
    ],
    "IsNotSendCommand": false,
    "IsAddToQueue": false,
    "AddedMessageToQueue": null,
    "IsPass": false
  },
  {
    "CurrentStep": "CompleteProcess",
    "NextStep": "Undefined",
    "PreviousStep": 0,
    "Command": "End {0}\r",
    "BeforeDelay": 0,
    "AfterDelay": 0,
    "TimeOut": 10000,
    "IsIgnoreTimeOut": false,
    "Message": [
      "Hoàn thành kết nối bluetooth và phát nhạc."
    ],
    "ExpectedMessage": [
      "CompleteProcess {0}"
    ],
    "IsNotSendCommand": true,
    "IsAddToQueue": true,
    "AddedMessageToQueue": "CompleteProcess {0}",
    "IsPass": false
  }
]