[
  {
    "Id": "e5b690d4-cf67-4dee-a21d-8e97e3aa6f4e",
    "TestingModuleStatus": 2,
    "TestingModule": "HdmiCblSat",
    "TestingStep": 0,
    "Result": 2,
    "Progress": 0,
    "Name": "HDMI-CBL/SAT",
    "TestingOptions": [
      "Audio",
      "Video"
    ],
    "VideoOutputs": [ "HdmiOut1" ],
    "IsRetest": false,
    "Order": 1,
    "IsEnable": true,
    "DetailResults": [
      {
        "Label": "Front-Left",
        "Key": "FrontLeft",
        "IsHasChild": true,
        "DetailResults": [
          {
            "Label": "Tần số",
            "Key": "Frequency",
            "Unit": "Hz"
          },
          {
            "Label": "Biên độ",
            "Key": "Amplitude",
            "Unit": "V"
          },
          {
            "Label": "Thd",
            "Key": "Thd",
            "Unit": "%"
          }
        ]
      },
      {
        "Label": "Front-Right",
        "Key": "FrontRight",
        "IsHasChild": true,
        "DetailResults": [
          {
            "Label": "Tần số",
            "Key": "Frequency",
            "Unit": "Hz"
          },
          {
            "Label": "Biên độ",
            "Key": "Amplitude",
            "Unit": "V"
          },
          {
            "Label": "Thd",
            "Key": "Thd",
            "Unit": "%"
          }
        ]
      },
      {
        "Label": "HdmiOut1",
        "Key": "HdmiOut1",
        "IsHasChild": true,
        "DetailResults": [
          {
            "Label": "Diff",
            "Key": "DifferentPercent"
          },

          {
            "Label": "Size",
            "Key": "Size"
          }
        ]
      }
    ]
  }, //HDMI-CBL/SAT

  {
    "Id": "e5b690d4-cf67-4dee-a21d-8e97e3aa6f4e",
    "TestingModuleStatus": 2,
    "TestingModule": "CvbsCblSat",
    "TestingStep": 0,
    "Result": 2,
    "Progress": 0,
    "Name": "CVBS-CBL/SAT",
    "TestingOptions": [
      "Video"
    ],
    "VideoOutputs": [ "CVBS" ],
    "IsRetest": false,
    "Order": 2,
    "IsEnable": true,
    "DetailResults": [
      {
        "Label": "CVBS",
        "Key": "CVBS",
        "IsHasChild": true,
        "DetailResults": [
          {
            "Label": "Diff",
            "Key": "DifferentPercent"
          },

          {
            "Label": "Size",
            "Key": "Size"
          }
        ]
      }
    ]
  }, //CVBS CBL SAT

  {
    "Id": "e5b690d4-cf67-4dee-a21d-8e97e3aa6f4e",
    "TestingModuleStatus": 2,
    "TestingModule": "HdmiAux2",
    "TestingStep": 0,
    "Result": 2,
    "Progress": 0,
    "Name": "HDMI-AUX2",
    "TestingOptions": [
      "Audio",
      "Video"
    ],
    "IsRetest": false,
    "Order": 5,
    "IsEnable": true,
    "VideoOutputs": [ "HdmiOut1" ],
    "DetailResults": [
      {
        "Label": "Front-Left",
        "Key": "FrontLeft",
        "IsHasChild": true,
        "DetailResults": [
          {
            "Label": "Tần số",
            "Key": "Frequency",
            "Unit": "Hz"
          },
          {
            "Label": "Biên độ",
            "Key": "Amplitude",
            "Unit": "V"
          },
          {
            "Label": "Thd",
            "Key": "Thd",
            "Unit": "%"
          }
        ]
      },
      {
        "Label": "Front-Right",
        "Key": "FrontRight",
        "IsHasChild": true,
        "DetailResults": [
          {
            "Label": "Tần số",
            "Key": "Frequency",
            "Unit": "Hz"
          },
          {
            "Label": "Biên độ",
            "Key": "Amplitude",
            "Unit": "V"
          },
          {
            "Label": "Thd",
            "Key": "Thd",
            "Unit": "%"
          }
        ]
      },
      {
        "Label": "HdmiOut1",
        "Key": "HdmiOut1",
        "IsHasChild": true,
        "DetailResults": [
          {
            "Label": "Diff",
            "Key": "DifferentPercent"
          },

          {
            "Label": "Size",
            "Key": "Size"
          }
        ]
      }
    ]
  }, //HDMI-AUX2
  {
    "Id": "e5b690d4-cf67-4dee-a21d-8e97e3aa6f4e",
    "TestingModuleStatus": 2,
    "TestingModule": "HdmiMediaPlayer",
    "TestingStep": 0,
    "Result": 2,
    "Progress": 0,
    "Name": "HDMI-MEDIA PLAYER",
    "VideoOutputs": [ "HdmiOut1" ],
    "TestingOptions": [
      "Audio",
      "Video"
    ],
    "IsRetest": false,
    "Order": 6,
    "IsEnable": true,
    "DetailResults": [
      {
        "Label": "Front-Left",
        "Key": "FrontLeft",
        "IsHasChild": true,
        "DetailResults": [
          {
            "Label": "Tần số",
            "Key": "Frequency",
            "Unit": "Hz"
          },
          {
            "Label": "Biên độ",
            "Key": "Amplitude",
            "Unit": "V"
          },
          {
            "Label": "Thd",
            "Key": "Thd",
            "Unit": "%"
          }
        ]
      },
      {
        "Label": "Front-Right",
        "Key": "FrontRight",
        "IsHasChild": true,
        "DetailResults": [
          {
            "Label": "Tần số",
            "Key": "Frequency",
            "Unit": "Hz"
          },
          {
            "Label": "Biên độ",
            "Key": "Amplitude",
            "Unit": "V"
          },
          {
            "Label": "Thd",
            "Key": "Thd",
            "Unit": "%"
          }
        ]
      },
      {
        "Label": "HdmiOut1",
        "Key": "HdmiOut1",
        "IsHasChild": true,
        "DetailResults": [
          {
            "Label": "Diff",
            "Key": "DifferentPercent"
          },

          {
            "Label": "Size",
            "Key": "Size"
          }
        ]
      }
    ]
  }, //HDMI-MEDIA PLAYER
  {
    "Id": "e5b690d4-cf67-4dee-a21d-8e97e3aa6f4e",
    "TestingModuleStatus": 2,
    "TestingModule": "CvbsMediaPlayer",
    "TestingStep": 0,
    "Result": 2,
    "Progress": 0,
    "Name": "CVBS-MEDIA PLAYER",
    "TestingOptions": [
      "Video"
    ],
    "VideoOutputs": [ "CVBS" ],
    "IsRetest": false,
    "Order": 6,
    "IsEnable": true,
    "DetailResults": [
      {
        "Label": "CVBS",
        "Key": "CVBS",
        "IsHasChild": true,
        "DetailResults": [
          {
            "Label": "Diff",
            "Key": "DifferentPercent"
          },

          {
            "Label": "Size",
            "Key": "Size"
          }
        ]
      }
    ]
  }, //CVBS MEDIA PLAYER
  {
    "Id": "e5b690d4-cf67-4dee-a21d-8e97e3aa6f4e",
    "TestingModuleStatus": 2,
    "TestingModule": "DigitalMediaPlayer",
    "TestingStep": 0,
    "Result": 2,
    "Progress": 0,
    "Name": "DIGITAL-MEDIA PLAYER",
    "TestingOptions": [
      "Audio"
    ],
    "IsRetest": false,
    "Order": 6,
    "IsEnable": true,
    "DetailResults": [
      {
        "Label": "Front-Left",
        "Key": "FrontLeft",
        "IsHasChild": true,
        "DetailResults": [
          {
            "Label": "Tần số",
            "Key": "Frequency",
            "Unit": "Hz"
          },
          {
            "Label": "Biên độ",
            "Key": "Amplitude",
            "Unit": "V"
          },
          {
            "Label": "Thd",
            "Key": "Thd",
            "Unit": "%"
          }
        ]
      },
      {
        "Label": "Front-Right",
        "Key": "FrontRight",
        "IsHasChild": true,
        "DetailResults": [
          {
            "Label": "Tần số",
            "Key": "Frequency",
            "Unit": "Hz"
          },
          {
            "Label": "Biên độ",
            "Key": "Amplitude",
            "Unit": "V"
          },
          {
            "Label": "Thd",
            "Key": "Thd",
            "Unit": "%"
          }
        ]
      }
    ]
  }, //DigitalMediaPlayer

  {
    "Id": "e5b690d4-cf67-4dee-a21d-8e97e3aa6f4e",
    "TestingModuleStatus": 2,
    "TestingModule": "HdmiGame",
    "TestingStep": 0,
    "Result": 2,
    "Progress": 0,
    "TestingOptions": [
      "Audio",
      "Video"
    ],
    "VideoOutputs": [ "HdmiOut1" ],
    "Name": "HDMI-GAME",
    "IsRetest": false,
    "Order": 7,
    "IsEnable": true,
    "DetailResults": [
      {
        "Label": "Front-Left",
        "Key": "FrontLeft",
        "IsHasChild": true,
        "DetailResults": [
          {
            "Label": "Tần số",
            "Key": "Frequency",
            "Unit": "Hz"
          },
          {
            "Label": "Biên độ",
            "Key": "Amplitude",
            "Unit": "V"
          },
          {
            "Label": "Thd",
            "Key": "Thd",
            "Unit": "%"
          }
        ]
      },
      {
        "Label": "Front-Right",
        "Key": "FrontRight",
        "IsHasChild": true,
        "DetailResults": [
          {
            "Label": "Tần số",
            "Key": "Frequency",
            "Unit": "Hz"
          },
          {
            "Label": "Biên độ",
            "Key": "Amplitude",
            "Unit": "V"
          },
          {
            "Label": "Thd",
            "Key": "Thd",
            "Unit": "%"
          }
        ]
      },

      {
        "Label": "HdmiOut1",
        "Key": "HdmiOut1",
        "IsHasChild": true,
        "DetailResults": [
          {
            "Label": "Diff",
            "Key": "DifferentPercent"
          },

          {
            "Label": "Size",
            "Key": "Size"
          }
        ]
      }
    ]
  }, //HDMI-GAME
  {
    "Id": "e5b690d4-cf67-4dee-a21d-8e97e3aa6f4e",
    "TestingModuleStatus": 2,
    "TestingModule": "HdmiBluray",
    "TestingStep": 0,
    "Result": 2,
    "Progress": 0,
    "Name": "HDMI-BLURAY",
    "VideoOutputs": [ "HdmiOut1" ],
    "TestingOptions": [
      "Audio",
      "Video"
    ],
    "IsRetest": false,
    "Order": 9,
    "IsEnable": true,
    "DetailResults": [
      {
        "Label": "Front-Left",
        "Key": "FrontLeft",
        "IsHasChild": true,
        "DetailResults": [
          {
            "Label": "Tần số",
            "Key": "Frequency",
            "Unit": "Hz"
          },
          {
            "Label": "Biên độ",
            "Key": "Amplitude",
            "Unit": "V"
          },
          {
            "Label": "Thd",
            "Key": "Thd",
            "Unit": "%"
          }
        ]
      },
      {
        "Label": "Front-Right",
        "Key": "FrontRight",
        "IsHasChild": true,
        "DetailResults": [
          {
            "Label": "Tần số",
            "Key": "Frequency",
            "Unit": "Hz"
          },
          {
            "Label": "Biên độ",
            "Key": "Amplitude",
            "Unit": "V"
          },
          {
            "Label": "Thd",
            "Key": "Thd",
            "Unit": "%"
          }
        ]
      },
      {
        "Label": "HdmiOut1",
        "Key": "HdmiOut1",
        "IsHasChild": true,
        "DetailResults": [
          {
            "Label": "Diff",
            "Key": "DifferentPercent"
          },

          {
            "Label": "Size",
            "Key": "Size"
          }
        ]
      }
    ]
  }, //HDMI-BLURAY
  {
    "Id": "e5b690d4-cf67-4dee-a21d-8e97e3aa6f4e",
    "TestingModuleStatus": 2,
    "TestingModule": "HdmiAux1",
    "TestingStep": 0,
    "Result": 2,
    "Progress": 0,
    "Name": "HDMI-AUX1",
    "TestingOptions": [
      "Audio",
      "Video"
    ],
    "VideoOutputs": [ "HdmiOut1" ],
    "IsRetest": false,
    "Order": 13,
    "IsEnable": true,
    "DetailResults": [
      {
        "Label": "Front-Left",
        "Key": "FrontLeft",
        "IsHasChild": true,
        "DetailResults": [
          {
            "Label": "Tần số",
            "Key": "Frequency",
            "Unit": "Hz"
          },
          {
            "Label": "Biên độ",
            "Key": "Amplitude",
            "Unit": "V"
          },
          {
            "Label": "Thd",
            "Key": "Thd",
            "Unit": "%"
          }
        ]
      },
      {
        "Label": "Front-Right",
        "Key": "FrontRight",
        "IsHasChild": true,
        "DetailResults": [
          {
            "Label": "Tần số",
            "Key": "Frequency",
            "Unit": "Hz"
          },
          {
            "Label": "Biên độ",
            "Key": "Amplitude",
            "Unit": "V"
          },
          {
            "Label": "Thd",
            "Key": "Thd",
            "Unit": "%"
          }
        ]
      },
      {
        "Label": "Center",
        "Key": "Center",
        "IsHasChild": true,
        "DetailResults": [
          {
            "Label": "Tần số",
            "Key": "Frequency",
            "Unit": "Hz"
          },
          {
            "Label": "Biên độ",
            "Key": "Amplitude",
            "Unit": "V"
          },
          {
            "Label": "Thd",
            "Key": "Thd",
            "Unit": "%"
          }
        ]
      },
      {
        "Label": "Surround-Left",
        "Key": "SurroundLeft",
        "IsHasChild": true,
        "DetailResults": [
          {
            "Label": "Tần số",
            "Key": "Frequency",
            "Unit": "Hz"
          },
          {
            "Label": "Biên độ",
            "Key": "Amplitude",
            "Unit": "V"
          },
          {
            "Label": "Thd",
            "Key": "Thd",
            "Unit": "%"
          }
        ]
      },
      {
        "Label": "Surround-Right",
        "Key": "SurroundRight",
        "IsHasChild": true,
        "DetailResults": [
          {
            "Label": "Tần số",
            "Key": "Frequency",
            "Unit": "Hz"
          },
          {
            "Label": "Biên độ",
            "Key": "Amplitude",
            "Unit": "V"
          },
          {
            "Label": "Thd",
            "Key": "Thd",
            "Unit": "%"
          }
        ]
      },
      {
        "Label": "HdmiOut1",
        "Key": "HdmiOut1",
        "IsHasChild": true,
        "DetailResults": [
          {
            "Label": "Diff",
            "Key": "DifferentPercent"
          },

          {
            "Label": "Size",
            "Key": "Size"
          }
        ]
      }
    ]
  }, //HDMI-AUX1
  {
    "Id": "e5b690d4-cf67-4dee-a21d-8e97e3aa6f4e",
    "TestingModuleStatus": 2,
    "TestingModule": "Version",
    "TestingStep": 0,
    "Result": 2,
    "Progress": 0,
    "Name": "VERSION",
    "TestingOptions": [
      "Video"
    ],
    "VideoOutputs": [ "Version" ],
    "IsRetest": false,
    "Order": 10,
    "IsEnable": true,
    "DetailResults": [
      {
        "Label": "Main",
        "Key": "Main",
        "IsHasChild": false
      },
      {
        "Label": "Main FBL",
        "Key": "Main FBL",
        "IsHasChild": false
      },
      {
        "Label": "DSP",
        "Key": "DSP",
        "IsHasChild": false
      },
      {
        "Label": "A.PLD",
        "Key": "A.PLD",
        "IsHasChild": false
      },
      {
        "Label": "GUI",
        "Key": "GUI",
        "IsHasChild": false
      },
      {
        "Label": "PIMG",
        "Key": "PIMG",
        "IsHasChild": false
      },
      {
        "Label": "RSTR",
        "Key": "RSTR",
        "IsHasChild": false
      },

      {
        "Label": "HEOS Version",
        "Key": "HEOS Version",
        "IsHasChild": false
      },

      {
        "Label": "HEOS Config",
        "Key": "HEOS Config",
        "IsHasChild": false
      },

      {
        "Label": "HEOS Locale",
        "Key": "HEOS Locale",
        "IsHasChild": false
      }
    ]
  }, //VERSION
  {
    "Id": "e5b690d4-cf67-4dee-a21d-8e97e3aa6f4e",
    "TestingModuleStatus": 2,
    "TestingModule": "DigitalTV",
    "TestingStep": 0,
    "Result": 2,
    "Progress": 0,
    "Name": "DIGITAL-TV",
    "TestingOptions": [
      "Audio"
    ],
    "IsRetest": false,
    "Order": 12,
    "IsEnable": true,
    "DetailResults": [
      {
        "Label": "Front-Left",
        "Key": "FrontLeft",
        "IsHasChild": true,
        "DetailResults": [
          {
            "Label": "Tần số",
            "Key": "Frequency",
            "Unit": "Hz"
          },
          {
            "Label": "Biên độ",
            "Key": "Amplitude",
            "Unit": "V"
          },
          {
            "Label": "Thd",
            "Key": "Thd",
            "Unit": "%"
          }
        ]
      },
      {
        "Label": "Front-Right",
        "Key": "FrontRight",
        "IsHasChild": true,
        "DetailResults": [
          {
            "Label": "Tần số",
            "Key": "Frequency",
            "Unit": "Hz"
          },
          {
            "Label": "Biên độ",
            "Key": "Amplitude",
            "Unit": "V"
          },
          {
            "Label": "Thd",
            "Key": "Thd",
            "Unit": "%"
          }
        ]
      }
    ]
  } //DigitalTv
]